{
    "name": "root",
    "gauges": {
        "MoveToGoal.Policy.Entropy.mean": {
            "value": 1.351118803024292,
            "min": 1.351118803024292,
            "max": 1.3798099756240845,
            "count": 2
        },
        "MoveToGoal.Policy.Entropy.sum": {
            "value": 67188.4375,
            "min": 67188.4375,
            "max": 71463.1171875,
            "count": 2
        },
        "MoveToGoal.Environment.EpisodeLength.mean": {
            "value": 594.9508196721312,
            "min": 323.4020618556701,
            "max": 594.9508196721312,
            "count": 2
        },
        "MoveToGoal.Environment.EpisodeLength.sum": {
            "value": 36292.0,
            "min": 31370.0,
            "max": 36292.0,
            "count": 2
        },
        "MoveToGoal.Step.mean": {
            "value": 99948.0,
            "min": 49963.0,
            "max": 99948.0,
            "count": 2
        },
        "MoveToGoal.Step.sum": {
            "value": 99948.0,
            "min": 49963.0,
            "max": 99948.0,
            "count": 2
        },
        "MoveToGoal.Policy.ExtrinsicValueEstimate.mean": {
            "value": -0.1209375262260437,
            "min": -0.26314130425453186,
            "max": -0.1209375262260437,
            "count": 2
        },
        "MoveToGoal.Policy.ExtrinsicValueEstimate.sum": {
            "value": -97.71752166748047,
            "min": -219.4598388671875,
            "max": -97.71752166748047,
            "count": 2
        },
        "MoveToGoal.Environment.CumulativeReward.mean": {
            "value": -0.4262295081967213,
            "min": -0.6391752577319587,
            "max": -0.4262295081967213,
            "count": 2
        },
        "MoveToGoal.Environment.CumulativeReward.sum": {
            "value": -26.0,
            "min": -62.0,
            "max": -26.0,
            "count": 2
        },
        "MoveToGoal.Policy.ExtrinsicReward.mean": {
            "value": -0.4262295081967213,
            "min": -0.6391752577319587,
            "max": -0.4262295081967213,
            "count": 2
        },
        "MoveToGoal.Policy.ExtrinsicReward.sum": {
            "value": -26.0,
            "min": -62.0,
            "max": -26.0,
            "count": 2
        },
        "MoveToGoal.Losses.PolicyLoss.mean": {
            "value": 0.025262908221532897,
            "min": 0.02283396911084172,
            "max": 0.025262908221532897,
            "count": 2
        },
        "MoveToGoal.Losses.PolicyLoss.sum": {
            "value": 0.1263145411076645,
            "min": 0.09133587644336688,
            "max": 0.1263145411076645,
            "count": 2
        },
        "MoveToGoal.Losses.ValueLoss.mean": {
            "value": 0.006331675844267011,
            "min": 0.006331675844267011,
            "max": 0.034043789302902014,
            "count": 2
        },
        "MoveToGoal.Losses.ValueLoss.sum": {
            "value": 0.031658379221335055,
            "min": 0.031658379221335055,
            "max": 0.13617515721160806,
            "count": 2
        },
        "MoveToGoal.Policy.LearningRate.mean": {
            "value": 0.00025607017464327993,
            "min": 0.00025607017464327993,
            "max": 0.00028387905537365,
            "count": 2
        },
        "MoveToGoal.Policy.LearningRate.sum": {
            "value": 0.0012803508732163998,
            "min": 0.0011355162214946,
            "max": 0.0012803508732163998,
            "count": 2
        },
        "MoveToGoal.Policy.Epsilon.mean": {
            "value": 0.18535672,
            "min": 0.18535672,
            "max": 0.19462635000000006,
            "count": 2
        },
        "MoveToGoal.Policy.Epsilon.sum": {
            "value": 0.9267836,
            "min": 0.7785054000000002,
            "max": 0.9267836,
            "count": 2
        },
        "MoveToGoal.Policy.Beta.mean": {
            "value": 0.004269300328000001,
            "min": 0.004269300328000001,
            "max": 0.004731854865,
            "count": 2
        },
        "MoveToGoal.Policy.Beta.sum": {
            "value": 0.02134650164,
            "min": 0.01892741946,
            "max": 0.02134650164,
            "count": 2
        },
        "MoveToGoal.IsTraining.mean": {
            "value": 1.0,
            "min": 1.0,
            "max": 1.0,
            "count": 2
        },
        "MoveToGoal.IsTraining.sum": {
            "value": 1.0,
            "min": 1.0,
            "max": 1.0,
            "count": 2
        }
    },
    "metadata": {
        "timer_format_version": "0.1.0",
        "start_time_seconds": "1702308223",
        "python_version": "3.9.13 (tags/v3.9.13:6de2ca5, May 17 2022, 16:36:42) [MSC v.1929 64 bit (AMD64)]",
        "command_line_arguments": "G:\\Unity Projects\\Snake_Agents\\UczenieMaszynowe\\Scripts\\mlagents-learn --run-id=16-25-11-12",
        "mlagents_version": "0.30.0",
        "mlagents_envs_version": "0.30.0",
        "communication_protocol_version": "1.5.0",
        "pytorch_version": "1.13.1+cu117",
        "numpy_version": "1.21.2",
        "end_time_seconds": "1702308390"
    },
    "total": 167.3221458,
    "count": 1,
    "self": 0.005975499999976819,
    "children": {
        "run_training.setup": {
            "total": 0.025045500000000054,
            "count": 1,
            "self": 0.025045500000000054
        },
        "TrainerController.start_learning": {
            "total": 167.2911248,
            "count": 1,
            "self": 0.0625581000004729,
            "children": {
                "TrainerController._reset_env": {
                    "total": 19.1455295,
                    "count": 1,
                    "self": 19.1455295
                },
                "TrainerController.advance": {
                    "total": 147.9657363999995,
                    "count": 2384,
                    "self": 0.060788999999772386,
                    "children": {
                        "env_step": {
                            "total": 115.94030509999983,
                            "count": 2384,
                            "self": 104.45270689999981,
                            "children": {
                                "SubprocessEnvManager._take_step": {
                                    "total": 11.45256340000001,
                                    "count": 2384,
                                    "self": 0.2556650999999128,
                                    "children": {
                                        "TorchPolicy.evaluate": {
                                            "total": 11.196898300000097,
                                            "count": 2257,
                                            "self": 11.196898300000097
                                        }
                                    }
                                },
                                "workers": {
                                    "total": 0.03503480000001602,
                                    "count": 2383,
                                    "self": 0.0,
                                    "children": {
                                        "worker_root": {
                                            "total": 88.18607520000013,
                                            "count": 2383,
                                            "is_parallel": true,
                                            "self": 52.00013389999961,
                                            "children": {
                                                "steps_from_proto": {
                                                    "total": 0.0007608999999995092,
                                                    "count": 1,
                                                    "is_parallel": true,
                                                    "self": 0.00025709999999534716,