{
    "name": "root",
    "gauges": {
        "MoveToGoal.Policy.Entropy.mean": {
            "value": 1.3056291341781616,
            "min": 1.3056291341781616,
            "max": 1.3751593828201294,
            "count": 3
        },
        "MoveToGoal.Policy.Entropy.sum": {
            "value": 65365.01953125,
            "min": 65365.01953125,
            "max": 70628.1875,
            "count": 3
        },
        "MoveToGoal.Step.mean": {
            "value": 149954.0,
            "min": 49955.0,
            "max": 149954.0,
            "count": 3
        },
        "MoveToGoal.Step.sum": {
            "value": 149954.0,
            "min": 49955.0,
            "max": 149954.0,
            "count": 3
        },
        "MoveToGoal.Policy.ExtrinsicValueEstimate.mean": {
            "value": 0.38801270723342896,
            "min": 0.335562527179718,
            "max": 0.7427719831466675,
            "count": 3
        },
        "MoveToGoal.Policy.ExtrinsicValueEstimate.sum": {
            "value": 304.9779968261719,
            "min": 268.78558349609375,
            "max": 641.01220703125,
            "count": 3
        },
        "MoveToGoal.Environment.EpisodeLength.mean": {
            "value": 722.9,
            "min": 234.79754601226995,
            "max": 722.9,
            "count": 3
        },
        "MoveToGoal.Environment.EpisodeLength.sum": {
            "value": 7229.0,
            "min": 7229.0,
            "max": 38272.0,
            "count": 3
        },
        "MoveToGoal.Environment.CumulativeReward.mean": {
            "value": 2.1,
            "min": -0.6441717791411042,
            "max": 2.1,
            "count": 3
        },
        "MoveToGoal.Environment.CumulativeReward.sum": {
            "value": 21.0,
            "min": -105.0,
            "max": 21.0,
            "count": 3
        },
        "MoveToGoal.Policy.ExtrinsicReward.mean": {
            "value": 2.1,
            "min": -0.6441717791411042,
            "max": 2.1,
            "count": 3
        },
        "MoveToGoal.Policy.ExtrinsicReward.sum": {
            "value": 21.0,
            "min": -105.0,
            "max": 21.0,
            "count": 3
        },
        "MoveToGoal.Losses.PolicyLoss.mean": {
            "value": 0.026854663950701553,
            "min": 0.023158010120193164,
            "max": 0.026854663950701553,
            "count": 3
        },
        "MoveToGoal.Losses.PolicyLoss.sum": {
            "value": 0.13427331975350776,
            "min": 0.09320372949975232,
            "max": 0.13427331975350776,
            "count": 3
        },
        "MoveToGoal.Losses.ValueLoss.mean": {
            "value": 0.032558122283468646,
            "min": 0.03051140981415908,
            "max": 0.1807157932780683,
            "count": 3
        },
        "MoveToGoal.Losses.ValueLoss.sum": {
            "value": 0.16279061141734322,
            "min": 0.1525570490707954,
            "max": 0.7228631731122732,
            "count": 3
        },
        "MoveToGoal.Policy.LearningRate.mean": {
            "value": 0.00022577978474008003,
            "min": 0.00022577978474008003,
            "max": 0.00028458960513679996,
            "count": 3
        },
        "MoveToGoal.Policy.LearningRate.sum": {
            "value": 0.0011288989237004002,
            "min": 0.0011288989237004002,
            "max": 0.0012836838721054001,
            "count": 3
        },
        "MoveToGoal.Policy.Epsilon.mean": {
            "value": 0.17525992000000004,
            "min": 0.17525992000000004,
            "max": 0.19486320000000007,
            "count": 3
        },
        "MoveToGoal.Policy.Epsilon.sum": {
            "value": 0.8762996000000002,
            "min": 0.7794528000000003,
            "max": 0.9278946000000001,
            "count": 3
        },
        "MoveToGoal.Policy.Beta.mean": {
            "value": 0.0037654700080000008,
            "min": 0.0037654700080000008,
            "max": 0.004743673680000001,
            "count": 3
        },
        "MoveToGoal.Policy.Beta.sum": {
            "value": 0.018827350040000003,
            "min": 0.018827350040000003,
            "max": 0.021401940539999997,
            "count": 3
        },
        "MoveToGoal.IsTraining.mean": {
            "value": 1.0,
            "min": 1.0,
            "max": 1.0,
            "count": 3
        },
        "MoveToGoal.IsTraining.sum": {
            "value": 1.0,
            "min": 1.0,
            "max": 1.0,
            "count": 3
        }
    },
    "metadata": {
        "timer_format_version": "0.1.0",
        "start_time_seconds": "1701770157",
        "python_version": "3.9.13 (tags/v3.9.13:6de2ca5, May 17 2022, 16:36:42) [MSC v.1929 64 bit (AMD64)]",
        "command_line_arguments": "G:\\Unity Projects\\Snake_Agents\\UczenieMaszynowe\\Scripts\\mlagents-learn --run-id=SnakeAI1",
        "mlagents_version": "0.30.0",
        "mlagents_envs_version": "0.30.0",
        "communication_protocol_version": "1.5.0",
        "pytorch_version": "1.13.1+cu117",
        "numpy_version": "1.21.2",
        "end_time_seconds": "1701770349"
    },
    "total": 191.7106917,
    "count": 1,
    "self": 0.004902000000015505,
    "children": {
        "run_training.setup": {
            "total": 0.0452106000000001,
            "count": 1,
            "self": 0.0452106000000001
        },
        "TrainerController.start_learning": {
            "total": 191.6605791,
            "count": 1,
            "self": 0.11207000000044332,
            "children": {
                "TrainerController._reset_env": {
                    "total": 21.6977661,
                    "count": 1,
                    "self": 21.6977661
                },
                "TrainerController.advance": {
                    "total": 169.75423049999955,
                    "count": 4165,
                    "self": 0.10001860000014062,
                    "children": {
                        "env_step": {
                            "total": 119.84939429999994,
                            "count": 4165,
                            "self": 106.35469480000022,
                            "children": {
                                "SubprocessEnvManager._take_step": {
                                    "total": 13.440623099999907,
                                    "count": 4165,
                                    "self": 0.4449496000000046,
                                    "children": {
                                        "TorchPolicy.evaluate": {
                                            "total": 12.995673499999903,
                                            "count": 4061,
                                            "self": 12.995673499999903
                                        }
                                    }
                                },
                                "workers": {
                                    "total": 0.05407639999981484,
                                    "count": 4164,
                                    "self": 0.0,
                                    "children": {
                                        "worker_root": {
                                            "total": 108.6653188,
                                            "count": 4164,
                                            "is_parallel": true,
                                            "self": 74.54644919999981,
                                            "children": {
                                                "steps_from_proto": {
                                                    "total": 0.0006435000000024615,
                                                    "count": 1,
                                                    "is_parallel": true,
                                                    "self": 0.0002616999999993652,