{
    "name": "root",
    "gauges": {
        "MoveToGoal.Policy.Entropy.mean": {
            "value": 1.3140233755111694,
            "min": 1.3140233755111694,
            "max": 1.3672363758087158,
            "count": 2
        },
        "MoveToGoal.Policy.Entropy.sum": {
            "value": 65659.1171875,
            "min": 65659.1171875,
            "max": 70352.515625,
            "count": 2
        },
        "MoveToGoal.Environment.EpisodeLength.mean": {
            "value": 38.94269870609982,
            "min": 27.223011363636363,
            "max": 38.94269870609982,
            "count": 2
        },
        "MoveToGoal.Environment.EpisodeLength.sum": {
            "value": 42136.0,
            "min": 38330.0,
            "max": 42136.0,
            "count": 2
        },
        "MoveToGoal.Step.mean": {
            "value": 99980.0,
            "min": 49978.0,
            "max": 99980.0,
            "count": 2
        },
        "MoveToGoal.Step.sum": {
            "value": 99980.0,
            "min": 49978.0,
            "max": 99980.0,
            "count": 2
        },
        "MoveToGoal.Policy.ExtrinsicValueEstimate.mean": {
            "value": 0.017850413918495178,
            "min": -0.14813244342803955,
            "max": 0.017850413918495178,
            "count": 2
        },
        "MoveToGoal.Policy.ExtrinsicValueEstimate.sum": {
            "value": 31.845138549804688,
            "min": -299.67193603515625,
            "max": 31.845138549804688,
            "count": 2
        },
        "MoveToGoal.Environment.CumulativeReward.mean": {
            "value": -0.8012939001848429,
            "min": -0.9261363636363636,
            "max": -0.8012939001848429,
            "count": 2
        },
        "MoveToGoal.Environment.CumulativeReward.sum": {
            "value": -867.0,
            "min": -1304.0,
            "max": -867.0,
            "count": 2
        },
        "MoveToGoal.Policy.ExtrinsicReward.mean": {
            "value": -0.8012939001848429,
            "min": -0.9261363636363636,
            "max": -0.8012939001848429,
            "count": 2
        },
        "MoveToGoal.Policy.ExtrinsicReward.sum": {
            "value": -867.0,
            "min": -1304.0,
            "max": -867.0,
            "count": 2
        },
        "MoveToGoal.Losses.PolicyLoss.mean": {
            "value": 0.022436927774300182,
            "min": 0.022436927774300182,
            "max": 0.025875037404087687,
            "count": 2
        },
        "MoveToGoal.Losses.PolicyLoss.sum": {
            "value": 0.1121846388715009,
            "min": 0.10350014961635075,
            "max": 0.1121846388715009,
            "count": 2
        },
        "MoveToGoal.Losses.ValueLoss.mean": {
            "value": 0.07840505808591842,
            "min": 0.07840505808591842,
            "max": 0.17461980854471526,
            "count": 2
        },
        "MoveToGoal.Losses.ValueLoss.sum": {
            "value": 0.3920252904295921,
            "min": 0.3920252904295921,
            "max": 0.698479234178861,
            "count": 2
        },
        "MoveToGoal.Policy.LearningRate.mean": {
            "value": 0.00025676677441107993,
            "min": 0.00025676677441107993,
            "max": 0.0002845609551463499,
            "count": 2
        },
        "MoveToGoal.Policy.LearningRate.sum": {
            "value": 0.0012838338720553995,
            "min": 0.0011382438205853997,
            "max": 0.0012838338720553995,
            "count": 2
        },
        "MoveToGoal.Policy.Epsilon.mean": {
            "value": 0.18558892,
            "min": 0.18558892,
            "max": 0.19485365,
            "count": 2
        },
        "MoveToGoal.Policy.Epsilon.sum": {
            "value": 0.9279445999999999,
            "min": 0.7794146,
            "max": 0.9279445999999999,
            "count": 2
        },
        "MoveToGoal.Policy.Beta.mean": {
            "value": 0.004280887108,
            "min": 0.004280887108,
            "max": 0.004743197135,
            "count": 2
        },
        "MoveToGoal.Policy.Beta.sum": {
            "value": 0.021404435540000002,
            "min": 0.01897278854,
            "max": 0.021404435540000002,
            "count": 2
        },
        "MoveToGoal.IsTraining.mean": {
            "value": 1.0,
            "min": 1.0,
            "max": 1.0,
            "count": 2
        },
        "MoveToGoal.IsTraining.sum": {
            "value": 1.0,
            "min": 1.0,
            "max": 1.0,
            "count": 2
        }
    },
    "metadata": {
        "timer_format_version": "0.1.0",
        "start_time_seconds": "1702417976",
        "python_version": "3.9.13 (tags/v3.9.13:6de2ca5, May 17 2022, 16:36:42) [MSC v.1929 64 bit (AMD64)]",
        "command_line_arguments": "G:\\Unity Projects\\Snake_Agents\\UczenieMaszynowe\\Scripts\\mlagents-learn --run-id=22-50-12-12",
        "mlagents_version": "0.30.0",
        "mlagents_envs_version": "0.30.0",
        "communication_protocol_version": "1.5.0",
        "pytorch_version": "1.13.1+cu117",
        "numpy_version": "1.21.2",
        "end_time_seconds": "1702418131"
    },
    "total": 155.0474594,
    "count": 1,
    "self": 0.005331500000011147,
    "children": {
        "run_training.setup": {
            "total": 0.05232499999999973,
            "count": 1,
            "self": 0.05232499999999973
        },
        "TrainerController.start_learning": {
            "total": 154.9898029,
            "count": 1,
            "self": 0.11432559999968817,
            "children": {
                "TrainerController._reset_env": {
                    "total": 10.721109299999998,
                    "count": 1,
                    "self": 10.721109299999998
                },
                "TrainerController.advance": {
                    "total": 144.0448410000003,
                    "count": 4122,
                    "self": 0.09013840000056916,
                    "children": {
                        "env_step": {
                            "total": 107.2841303999999,
                            "count": 4122,
                            "self": 98.90464610000022,
                            "children": {
                                "SubprocessEnvManager._take_step": {
                                    "total": 8.328438099999886,
                                    "count": 4122,
                                    "self": 0.2728132999998607,
                                    "children": {
                                        "TorchPolicy.evaluate": {
                                            "total": 8.055624800000025,
                                            "count": 2391,
                                            "self": 8.055624800000025
                                        }
                                    }
                                },
                                "workers": {
                                    "total": 0.051046199999788655,
                                    "count": 4121,
                                    "self": 0.0,
                                    "children": {
                                        "worker_root": {
                                            "total": 83.65800670000017,
                                            "count": 4121,
                                            "is_parallel": true,
                                            "self": 54.04480649999967,
                                            "children": {
                                                "steps_from_proto": {
                                                    "total": 0.0011081999999991154,
                                                    "count": 1,
                                                    "is_parallel": true,
                                                    "self": 0.00046449999999964575,