{
    "name": "root",
    "gauges": {
        "MoveToGoal.Policy.Entropy.mean": {
            "value": 0.13401152193546295,
            "min": 0.13401152193546295,
            "max": 0.8496088981628418,
            "count": 44
        },
        "MoveToGoal.Policy.Entropy.sum": {
            "value": 2701.67236328125,
            "min": 2701.67236328125,
            "max": 18106.865234375,
            "count": 44
        },
        "MoveToGoal.Environment.EpisodeLength.mean": {
            "value": 57.60289855072464,
            "min": 53.557065217391305,
            "max": 82.0506329113924,
            "count": 44
        },
        "MoveToGoal.Environment.EpisodeLength.sum": {
            "value": 19873.0,
            "min": 19146.0,
            "max": 20111.0,
            "count": 44
        },
        "MoveToGoal.Step.mean": {
            "value": 879966.0,
            "min": 19987.0,
            "max": 879966.0,
            "count": 44
        },
        "MoveToGoal.Step.sum": {
            "value": 879966.0,
            "min": 19987.0,
            "max": 879966.0,
            "count": 44
        },
        "MoveToGoal.Policy.ExtrinsicValueEstimate.mean": {
            "value": -0.6775980591773987,
            "min": -0.6931864023208618,
            "max": -0.4117310345172882,
            "count": 44
        },
        "MoveToGoal.Policy.ExtrinsicValueEstimate.sum": {
            "value": -298.82073974609375,
            "min": -314.55706787109375,
            "max": -178.279541015625,
            "count": 44
        },
        "MoveToGoal.Policy.GailValueEstimate.mean": {
            "value": 4.35541296005249,
            "min": 4.35541296005249,
            "max": 10.295825958251953,
            "count": 44
        },
        "MoveToGoal.Policy.GailValueEstimate.sum": {
            "value": 1920.737060546875,
            "min": 1920.737060546875,
            "max": 4458.0927734375,
            "count": 44
        },
        "MoveToGoal.Environment.CumulativeReward.mean": {
            "value": -0.9075144508670521,
            "min": -0.9075144508670521,
            "max": -0.6186440677966102,
            "count": 44
        },
        "MoveToGoal.Environment.CumulativeReward.sum": {
            "value": -314.0,
            "min": -323.0,
            "max": -146.0,
            "count": 44
        },
        "MoveToGoal.Policy.ExtrinsicReward.mean": {
            "value": -0.9075144508670521,
            "min": -0.9075144508670521,
            "max": -0.6186440677966102,
            "count": 44
        },
        "MoveToGoal.Policy.ExtrinsicReward.sum": {
            "value": -314.0,
            "min": -323.0,
            "max": -146.0,
            "count": 44
        },
        "MoveToGoal.Policy.GailReward.mean": {
            "value": 9.389798965068222,
            "min": 9.389798965068222,
            "max": 29.93461255678686,
            "count": 44
        },
        "MoveToGoal.Policy.GailReward.sum": {
            "value": 3248.8704419136047,
            "min": 3211.635704409331,
            "max": 7064.568563401699,
            "count": 44
        },
        "MoveToGoal.Losses.PolicyLoss.mean": {
            "value": 0.04373041918518505,
            "min": 0.03932264979057773,
            "max": 0.05315699073353991,
            "count": 44
        },
        "MoveToGoal.Losses.PolicyLoss.sum": {
            "value": 0.7871475453333309,
            "min": 0.7078076962303991,
            "max": 0.8909244174525762,
            "count": 44
        },
        "MoveToGoal.Losses.ValueLoss.mean": {
            "value": 5.034950939041597,
            "min": 4.290967733771712,
            "max": 24.178426489685517,
            "count": 44
        },
        "MoveToGoal.Losses.ValueLoss.sum": {
            "value": 90.62911690274875,
            "min": 77.23741920789082,
            "max": 338.49797085559726,
            "count": 44
        },
        "MoveToGoal.Policy.LearningRate.mean": {
            "value": 0.00024781286739571665,
            "min": 0.00024781286739571665,
            "max": 0.00029928408452435277,
            "count": 44
        },
        "MoveToGoal.Policy.LearningRate.sum": {
            "value": 0.004460631613122899,
            "min": 0.004189977183340939,
            "max": 0.005665681151439619,
            "count": 44
        },
        "MoveToGoal.Policy.Epsilon.mean": {
            "value": 0.18260428333333334,
            "min": 0.18260428333333334,
            "max": 0.1997613614285714,
            "count": 44
        },
        "MoveToGoal.Policy.Epsilon.sum": {
            "value": 3.2868771,
            "min": 2.7966590599999996,
            "max": 3.7885603800000003,
            "count": 44
        },
        "MoveToGoal.Policy.Beta.mean": {
            "value": 0.0004147609883333334,
            "min": 0.0004147609883333334,
            "max": 0.0004988306709999999,
            "count": 44
        },
        "MoveToGoal.Policy.Beta.sum": {
            "value": 0.007465697790000001,
            "min": 0.006983629393999999,
            "max": 0.009443945861999998,
            "count": 44
        },
        "MoveToGoal.Policy.GAILPolicyEstimate.mean": {
            "value": 0.2207925286557939,
            "min": 0.2207925286557939,
            "max": 0.47250734763099006,
            "count": 44
        },
        "MoveToGoal.Policy.GAILPolicyEstimate.sum": {
            "value": 3.9742655158042903,
            "min": 3.9742655158042903,
            "max": 8.114032872021198,
            "count": 44
        },
        "MoveToGoal.Policy.GAILExpertEstimate.mean": {
            "value": 0.7667687113086382,
            "min": 0.5675127941518376,
            "max": 0.7667687113086382,
            "count": 44
        },
        "MoveToGoal.Policy.GAILExpertEstimate.sum": {
            "value": 13.801836803555489,
            "min": 7.9451791181257265,
            "max": 14.192661916216217,
            "count": 44
        },
        "MoveToGoal.Losses.GAILLoss.mean": {
            "value": 0.5829030820341022,
            "min": 0.5829030820341022,
            "max": 1.2822432211596213,
            "count": 44
        },
        "MoveToGoal.Losses.GAILLoss.sum": {
            "value": 10.49225547661384,
            "min": 10.49225547661384,
            "max": 20.720396732290588,
            "count": 44
        },
        "MoveToGoal.Policy.GAILGradMagLoss.mean": {
            "value": 0.08031267983218034,
            "min": 0.07387019085732324,
            "max": 1.6862354469949221,
            "count": 44
        },
        "MoveToGoal.Policy.GAILGradMagLoss.sum": {
            "value": 1.4456282369792461,
            "min": 1.3296634354318184,
            "max": 23.60729625792891,
            "count": 44
        },
        "MoveToGoal.Losses.PretrainingLoss.mean": {
            "value": 0.16745978187132346,
            "min": 0.16745978187132346,
            "max": 0.5415851560647255,
            "count": 44
        },
        "MoveToGoal.Losses.PretrainingLoss.sum": {
            "value": 3.0142760736838223,
            "min": 3.0142760736838223,
            "max": 7.582192184906156,
            "count": 44
        },
        "MoveToGoal.IsTraining.mean": {
            "value": 1.0,
            "min": 1.0,
            "max": 1.0,
            "count": 44
        },
        "MoveToGoal.IsTraining.sum": {
            "value": 1.0,
            "min": 1.0,
            "max": 1.0,
            "count": 44
        }
    },
    "metadata": {
        "timer_format_version": "0.1.0",
        "start_time_seconds": "1701195350",
        "python_version": "3.9.13 (tags/v3.9.13:6de2ca5, May 17 2022, 16:36:42) [MSC v.1929 64 bit (AMD64)]",
        "command_line_arguments": "C:\\Users\\dawid\\AppData\\Local\\Programs\\Python\\Python39\\Scripts\\mlagents-learn config/SnakeAgent.yaml --run-id=SnakeAgentImitation2",
        "mlagents_version": "0.30.0",
        "mlagents_envs_version": "0.30.0",