{
    "name": "root",
    "gauges": {
        "MoveToGoal.Policy.Entropy.mean": {
            "value": 1.3358453512191772,
            "min": 1.3358453512191772,
            "max": 1.3712992668151855,
            "count": 2
        },
        "MoveToGoal.Policy.Entropy.sum": {
            "value": 66108.3125,
            "min": 66108.3125,
            "max": 71219.796875,
            "count": 2
        },
        "MoveToGoal.Step.mean": {
            "value": 99974.0,
            "min": 49991.0,
            "max": 99974.0,
            "count": 2
        },
        "MoveToGoal.Step.sum": {
            "value": 99974.0,
            "min": 49991.0,
            "max": 99974.0,
            "count": 2
        },
        "MoveToGoal.Policy.ExtrinsicValueEstimate.mean": {
            "value": -0.30020344257354736,
            "min": -0.7738772034645081,
            "max": -0.30020344257354736,
            "count": 2
        },
        "MoveToGoal.Policy.ExtrinsicValueEstimate.sum": {
            "value": -241.36355590820312,
            "min": -622.9711303710938,
            "max": -241.36355590820312,
            "count": 2
        },
        "MoveToGoal.Environment.EpisodeLength.mean": {
            "value": 576.4318181818181,
            "min": 488.1,
            "max": 576.4318181818181,
            "count": 2
        },
        "MoveToGoal.Environment.EpisodeLength.sum": {
            "value": 25363.0,
            "min": 24405.0,
            "max": 25363.0,
            "count": 2
        },
        "MoveToGoal.Environment.CumulativeReward.mean": {
            "value": -0.8636363636363636,
            "min": -0.8636363636363636,
            "max": -0.86,
            "count": 2
        },
        "MoveToGoal.Environment.CumulativeReward.sum": {
            "value": -38.0,
            "min": -43.0,
            "max": -38.0,
            "count": 2
        },
        "MoveToGoal.Policy.ExtrinsicReward.mean": {
            "value": -0.8636363636363636,
            "min": -0.8636363636363636,
            "max": -0.86,
            "count": 2
        },
        "MoveToGoal.Policy.ExtrinsicReward.sum": {
            "value": -38.0,
            "min": -43.0,
            "max": -38.0,
            "count": 2
        },
        "MoveToGoal.Losses.PolicyLoss.mean": {
            "value": 0.02109065160310517,
            "min": 0.02109065160310517,
            "max": 0.02150479623462271,
            "count": 2
        },
        "MoveToGoal.Losses.PolicyLoss.sum": {
            "value": 0.10545325801552584,
            "min": 0.08601918493849084,
            "max": 0.10545325801552584,
            "count": 2
        },
        "MoveToGoal.Losses.ValueLoss.mean": {
            "value": 0.009824467237728337,
            "min": 0.009824467237728337,
            "max": 0.04895085910984287,
            "count": 2
        },
        "MoveToGoal.Losses.ValueLoss.sum": {
            "value": 0.04912233618864169,
            "min": 0.04912233618864169,
            "max": 0.19580343643937148,
            "count": 2
        },
        "MoveToGoal.Policy.LearningRate.mean": {
            "value": 0.0002544070951976399,
            "min": 0.0002544070951976399,
            "max": 0.00028267635577454995,
            "count": 2
        },
        "MoveToGoal.Policy.LearningRate.sum": {
            "value": 0.0012720354759881997,
            "min": 0.0011307054230981998,
            "max": 0.0012720354759881997,
            "count": 2
        },
        "MoveToGoal.Policy.Epsilon.mean": {
            "value": 0.18480236,
            "min": 0.18480236,
            "max": 0.19422545000000002,
            "count": 2
        },
        "MoveToGoal.Policy.Epsilon.sum": {
            "value": 0.9240118,
            "min": 0.7769018000000001,
            "max": 0.9240118,
            "count": 2
        },
        "MoveToGoal.Policy.Beta.mean": {
            "value": 0.004241637764,
            "min": 0.004241637764,
            "max": 0.004711849955,
            "count": 2
        },
        "MoveToGoal.Policy.Beta.sum": {
            "value": 0.02120818882,
            "min": 0.01884739982,
            "max": 0.02120818882,
            "count": 2
        },
        "MoveToGoal.IsTraining.mean": {
            "value": 1.0,
            "min": 1.0,
            "max": 1.0,
            "count": 2
        },
        "MoveToGoal.IsTraining.sum": {
            "value": 1.0,
            "min": 1.0,
            "max": 1.0,
            "count": 2
        }
    },
    "metadata": {
        "timer_format_version": "0.1.0",
        "start_time_seconds": "1701783642",
        "python_version": "3.9.13 (tags/v3.9.13:6de2ca5, May 17 2022, 16:36:42) [MSC v.1929 64 bit (AMD64)]",
        "command_line_arguments": "G:\\Unity Projects\\Snake_Agents\\UczenieMaszynowe\\Scripts\\mlagents-learn --force",
        "mlagents_version": "0.30.0",
        "mlagents_envs_version": "0.30.0",
        "communication_protocol_version": "1.5.0",
        "pytorch_version": "1.13.1+cu117",
        "numpy_version": "1.21.2",
        "end_time_seconds": "1701783776"
    },
    "total": 134.258837,
    "count": 1,
    "self": 0.007195999999993319,
    "children": {
        "run_training.setup": {
            "total": 0.02218130000000018,
            "count": 1,
            "self": 0.02218130000000018
        },
        "TrainerController.start_learning": {
            "total": 134.2294597,
            "count": 1,
            "self": 0.07400589999983254,
            "children": {
                "TrainerController._reset_env": {
                    "total": 7.488207300000001,
                    "count": 1,
                    "self": 7.488207300000001
                },
                "TrainerController.advance": {
                    "total": 126.53707830000019,
                    "count": 3020,
                    "self": 0.06925599999996734,
                    "children": {
                        "env_step": {
                            "total": 89.44599650000019,
                            "count": 3020,
                            "self": 78.94505670000031,
                            "children": {
                                "SubprocessEnvManager._take_step": {
                                    "total": 10.461874499999888,
                                    "count": 3020,
                                    "self": 0.32295509999997485,
                                    "children": {
                                        "TorchPolicy.evaluate": {
                                            "total": 10.138919399999914,
                                            "count": 2984,
                                            "self": 10.138919399999914
                                        }
                                    }
                                },
                                "workers": {
                                    "total": 0.03906529999999364,
                                    "count": 3019,
                                    "self": 0.0,
                                    "children": {
                                        "worker_root": {
                                            "total": 75.67483899999989,
                                            "count": 3019,
                                            "is_parallel": true,
                                            "self": 55.90024779999986,
                                            "children": {
                                                "steps_from_proto": {
                                                    "total": 0.0012071999999996308,
                                                    "count": 1,
                                                    "is_parallel": true,
                                                    "self": 0.00047629999999898587,