{
    "name": "root",
    "gauges": {
        "MoveToGoal.Policy.Entropy.mean": {
            "value": 0.8625215291976929,
            "min": 0.8625215291976929,
            "max": 1.372333288192749,
            "count": 10
        },
        "MoveToGoal.Policy.Entropy.sum": {
            "value": 43346.8828125,
            "min": 43346.8828125,
            "max": 70944.140625,
            "count": 10
        },
        "MoveToGoal.Step.mean": {
            "value": 499964.0,
            "min": 49977.0,
            "max": 499964.0,
            "count": 10
        },
        "MoveToGoal.Step.sum": {
            "value": 499964.0,
            "min": 49977.0,
            "max": 499964.0,
            "count": 10
        },
        "MoveToGoal.Policy.ExtrinsicValueEstimate.mean": {
            "value": 0.5686153769493103,
            "min": -0.9869682192802429,
            "max": 0.6523956656455994,
            "count": 10
        },
        "MoveToGoal.Policy.ExtrinsicValueEstimate.sum": {
            "value": 448.06890869140625,
            "min": -796.4833374023438,
            "max": 512.130615234375,
            "count": 10
        },
        "MoveToGoal.Environment.EpisodeLength.mean": {
            "value": 1382.9166666666667,
            "min": 574.8703703703703,
            "max": 2636.1111111111113,
            "count": 10
        },
        "MoveToGoal.Environment.EpisodeLength.sum": {
            "value": 16595.0,
            "min": 3488.0,
            "max": 31067.0,
            "count": 10
        },
        "MoveToGoal.Environment.CumulativeReward.mean": {
            "value": 9.75,
            "min": -0.6585365853658537,
            "max": 13.222222222222221,
            "count": 10
        },
        "MoveToGoal.Environment.CumulativeReward.sum": {
            "value": 117.0,
            "min": -34.0,
            "max": 119.0,
            "count": 10
        },
        "MoveToGoal.Policy.ExtrinsicReward.mean": {
            "value": 9.75,
            "min": -0.6585365853658537,
            "max": 13.222222222222221,
            "count": 10
        },
        "MoveToGoal.Policy.ExtrinsicReward.sum": {
            "value": 117.0,
            "min": -34.0,
            "max": 119.0,
            "count": 10
        },
        "MoveToGoal.Losses.PolicyLoss.mean": {
            "value": 0.02511009371994684,
            "min": 0.022374851185207566,
            "max": 0.025663689849898218,
            "count": 10
        },
        "MoveToGoal.Losses.PolicyLoss.sum": {
            "value": 0.1255504685997342,
            "min": 0.09945614896714686,
            "max": 0.1255504685997342,
            "count": 10
        },
        "MoveToGoal.Losses.ValueLoss.mean": {
            "value": 0.023007502847661575,
            "min": 0.010299295599882801,
            "max": 0.0363621853510708,
            "count": 10
        },
        "MoveToGoal.Losses.ValueLoss.sum": {
            "value": 0.11503751423830788,
            "min": 0.05149647799941401,
            "max": 0.17746532317250968,
            "count": 10
        },
        "MoveToGoal.Policy.LearningRate.mean": {
            "value": 1.300953566352001e-05,
            "min": 1.300953566352001e-05,
            "max": 0.0002826831057723,
            "count": 10
        },
        "MoveToGoal.Policy.LearningRate.sum": {
            "value": 6.504767831760005e-05,
            "min": 6.504767831760005e-05,
            "max": 0.0012721614759462,
            "count": 10
        },
        "MoveToGoal.Policy.Epsilon.mean": {
            "value": 0.10433648000000004,
            "min": 0.10433648000000004,
            "max": 0.19422770000000006,
            "count": 10
        },
        "MoveToGoal.Policy.Epsilon.sum": {
            "value": 0.5216824000000002,
            "min": 0.5216824000000002,
            "max": 0.9240537999999998,
            "count": 10
        },
        "MoveToGoal.Policy.Beta.mean": {
            "value": 0.00022639035200000012,
            "min": 0.00022639035200000012,
            "max": 0.00471196223,
            "count": 10
        },
        "MoveToGoal.Policy.Beta.sum": {
            "value": 0.0011319517600000006,
            "min": 0.0011319517600000006,
            "max": 0.021210284620000002,
            "count": 10
        },
        "MoveToGoal.IsTraining.mean": {
            "value": 1.0,
            "min": 1.0,
            "max": 1.0,
            "count": 10
        },
        "MoveToGoal.IsTraining.sum": {
            "value": 1.0,
            "min": 1.0,
            "max": 1.0,
            "count": 10
        }
    },
    "metadata": {
        "timer_format_version": "0.1.0",
        "start_time_seconds": "1701784214",
        "python_version": "3.9.13 (tags/v3.9.13:6de2ca5, May 17 2022, 16:36:42) [MSC v.1929 64 bit (AMD64)]",
        "command_line_arguments": "G:\\Unity Projects\\Snake_Agents\\UczenieMaszynowe\\Scripts\\mlagents-learn --initialize-from=SnakeAI1 --run-id=InitializeSnake1",
        "mlagents_version": "0.30.0",
        "mlagents_envs_version": "0.30.0",
        "communication_protocol_version": "1.5.0",
        "pytorch_version": "1.13.1+cu117",
        "numpy_version": "1.21.2",
        "end_time_seconds": "1701784488"
    },
    "total": 273.8995166,
    "count": 1,
    "self": 0.007955200000026252,
    "children": {
        "run_training.setup": {
            "total": 0.026754100000000225,
            "count": 1,
            "self": 0.026754100000000225
        },
        "TrainerController.start_learning": {
            "total": 273.8648073,
            "count": 1,
            "self": 0.27474789999882887,
            "children": {
                "TrainerController._reset_env": {
                    "total": 9.0109178,
                    "count": 1,
                    "self": 9.0109178
                },
                "TrainerController.advance": {
                    "total": 264.51676010000114,
                    "count": 10494,
                    "self": 0.24797820000202364,
                    "children": {
                        "env_step": {
                            "total": 131.5282864999994,
                            "count": 10494,
                            "self": 96.88072849999928,
                            "children": {
                                "SubprocessEnvManager._take_step": {
                                    "total": 34.513549500000984,
                                    "count": 10494,
                                    "self": 1.0869526999998982,
                                    "children": {
                                        "TorchPolicy.evaluate": {
                                            "total": 33.426596800001086,
                                            "count": 10452,
                                            "self": 33.426596800001086
                                        }
                                    }
                                },
                                "workers": {
                                    "total": 0.13400849999914755,
                                    "count": 10494,
                                    "self": 0.0,
                                    "children": {
                                        "worker_root": {
                                            "total": 265.56488199999905,
                                            "count": 10494,
                                            "is_parallel": true,
                                            "self": 193.32799689999973,
                                            "children": {
                                                "steps_from_proto": {
                                                    "total": 0.0011646000000000711,
                                                    "count": 1,
                                                    "is_parallel": true,
                                                    "self": 0.00047740000000029426,